BPID;Fusion_Gene;Breakpoint1;Breakpoint2;Junction_Reads;Spanning_Reads;Sample;Tool
21:41494380:-_7:13935843:-;TMPRSS2_ETV1;21:41494380:-;7:13935843:-;16;367;sample_name;fusioncatcher
22:19225:+_12:50670:+;EWSR1_ATF1;22:19225:+;12:50670:+;23;363;sample_name;fusioncatcher
7:92003235:+_7:140787584:-;AKAP9_BRAF;7:92003235:+;7:140787584:-;21;340;sample_name;fusioncatcher
12:11869969:+_15:87940753:-;ETV6_NTRK3;12:11869969:+;15:87940753:-;23;299;sample_name;fusioncatcher
8:42968214:+_10:43116584:+;HOOK3_RET;8:42968214:+;10:43116584:+;20;298;sample_name;fusioncatcher
22:29287134:+_11:128807180:+;EWSR1_FLI1;22:29287134:+;11:128807180:+;22;282;sample_name;fusioncatcher
19:15254152:-_15:34347969:+;BRD4_NUTM1;19:15254152:-;15:34347969:+;20;244;sample_name;fusioncatcher
5:150404680:-_6:117324415:-;CD74_ROS1;5:150404680:-;6:117324415:-;22;152;sample_name;fusioncatcher
12:11869969:+_15:87940753:-;ETV6_NTRK3;12:11869969:+;15:87940753:-;160;390;sample_name;starfusion
22:29287134:+_11:128807180:+;EWSR1_FLI1;22:29287134:+;11:128807180:+;140;333;sample_name;starfusion
19:15254152:-_15:34347969:+;BRD4_NUTM1;19:15254152:-;15:34347969:+;132;260;sample_name;starfusion
22:29287134:+_12:50814280:+;EWSR1_ATF1;22:29287134:+;12:50814280:+;129;367;sample_name;starfusion
5:150404680:-_6:117324415:-;CD74_ROS1;5:150404680:-;6:117324415:-;125;140;sample_name;starfusion
7:92003235:+_7:140787584:-;AKAP9_BRAF;7:92003235:+;7:140787584:-;120;348;sample_name;starfusion
8:42968214:+_10:43116584:+;HOOK3_RET;8:42968214:+;10:43116584:+;94;276;sample_name;starfusion
21:41494375:-_7:13935838:-;TMPRSS2_ETV1;21:41494375:-;7:13935838:-;76;321;sample_name;starfusion
2:42301394:+_2:29223584:-;EML4_ALK;2:42301394:+;2:29223584:-;61;256;sample_name;starfusion
12:11869969:+_15:87940753:-;ETV6_NTRK3;12:11869969:+;15:87940753:-;130;300;sample_name;arriba
7:92003235:+_7:140787584:-;AKAP9_BRAF;7:92003235:+;7:140787584:-;113;299;sample_name;arriba
22:29287134:+_11:128807180:+;EWSR1_FLI1;22:29287134:+;11:128807180:+;70;299;sample_name;arriba
8:42968214:+_10:43116584:+;HOOK3_RET;8:42968214:+;10:43116584:+;88;275;sample_name;arriba
22:29287134:+_12:50814280:+;EWSR1_ATF1;22:29287134:+;12:50814280:+;49;299;sample_name;arriba
19:15254152:-_15:34347969:+;BRD4_NUTM1;19:15254152:-;15:34347969:+;82;232;sample_name;arriba
2:42301394:+_2:29223584:-;EML4_ALK;2:42301394:+;2:29223584:-;52;221;sample_name;arriba
5:150404680:-_6:117324415:-;CD74_ROS1;5:150404680:-;6:117324415:-;75;139;sample_name;arriba
21:41494375:-_7:13935838:-;TMPRSS2_ETV1;21:41494375:-;7:13935838:-;59;300;sample_name;arriba
